smoke,flame,gas,label
506,871,793,1
453,865,792,1
438,895,795,1
410,888,794,1
396,889,793,1
378,891,793,1
363,892,794,1
348,891,792,1
340,891,793,1
339,894,792,1
333,897,792,1
366,896,791,1
384,898,792,1
382,898,792,1
359,898,791,1
343,899,791,1
335,899,790,1
360,898,791,1
390,895,792,1
388,896,790,1
384,896,790,1
379,896,789,1
361,897,789,1
357,897,790,1
362,897,789,1
357,897,789,1
368,897,787,1
359,897,787,1
354,897,788,1
384,896,788,1
358,897,787,1
335,898,785,1
335,898,786,1
357,897,786,1
333,891,788,1
327,894,787,1
324,897,785,1
322,899,786,1
313,899,785,1
317,898,784,1
300,898,785,1
303,897,783,1
299,897,783,1
293,897,781,1
286,898,780,1
282,897,779,1
282,897,780,1
280,898,778,1
273,900,775,1
265,899,766,1
264,900,760,1
257,900,772,1
259,900,758,1
257,900,739,1
254,901,726,1
252,902,736,1
254,901,721,1
251,900,709,1
248,901,700,1
244,900,696,1
265,904,706,1
258,902,707,1
254,902,687,1
245,903,680,1
241,904,681,1
240,901,665,1
243,904,662,1
234,903,660,1
230,901,654,1
229,903,652,1
226,902,650,1
225,901,653,1
222,903,656,1
224,903,651,1
219,902,652,1
216,903,667,1
221,903,661,1
227,903,669,1
229,903,665,1
225,902,657,1
223,903,664,1
223,902,657,1
227,901,695,1
235,902,717,1
236,903,719,1
239,903,690,1
236,903,681,1
228,903,669,1
221,903,669,1
230,903,692,1
234,903,694,1
230,904,694,1
231,904,674,1
241,903,670,1
234,904,672,1
253,904,656,1
245,904,645,1
237,905,638,1
252,905,651,1
257,904,628,1
253,905,613,1
247,905,603,1
241,905,591,1
239,905,586,1
244,905,583,1
243,905,586,1
245,905,576,1
237,905,561,1
243,905,568,1
243,905,563,1
257,905,568,1
248,905,561,1
238,905,555,1
232,905,554,1
227,905,550,1
242,904,574,1
266,904,590,1
268,904,583,1
258,904,573,1
255,905,571,1
239,904,569,1
226,904,563,1
220,904,557,1
219,904,556,1
245,904,567,1
253,904,561,1
247,904,559,1
231,904,559,1
227,905,553,1
225,904,549,1
227,904,549,1
228,905,543,1
243,904,547,1
244,904,546,1
234,904,539,1
229,904,541,1
251,904,556,1
243,904,550,1
233,904,546,1
220,904,544,1
213,904,544,1
210,904,546,1
208,904,541,1
208,903,538,1
216,903,543,1
260,903,554,1
250,904,542,1
235,904,535,1
229,904,533,1
227,904,533,1
255,904,545,1
261,904,543,1
244,904,538,1
232,904,537,1
227,904,533,1
268,904,548,1
252,904,541,1
240,904,540,1
231,904,540,1
224,904,535,1
218,904,532,1
214,903,533,1
210,903,535,1
205,903,535,1
197,903,537,1
191,903,540,1
187,903,539,1
185,903,540,1
186,902,539,1
192,902,538,1
190,902,540,1
189,902,540,1
187,902,541,1
184,901,543,1
180,901,544,1
178,901,547,1
181,900,547,1
199,900,549,1
201,899,546,1
193,900,546,1
190,899,548,1
188,899,552,1
184,898,551,1
182,898,554,1
181,898,554,1
180,899,553,1
179,899,551,1
178,899,551,1
177,898,551,1
176,902,551,1
184,899,553,1
182,899,551,1
180,899,555,1
178,898,557,1
178,899,564,1
188,898,564,1
211,901,571,1
205,903,565,1
212,902,581,1
207,900,579,1
207,903,578,1
199,903,584,1
193,903,583,1
198,904,595,1
199,903,593,1
197,905,585,1
193,905,586,1
189,903,587,1
185,904,588,1
182,905,592,1
179,907,591,1
177,906,585,1
174,904,582,1
174,904,594,1
181,905,599,1
179,905,595,1
177,904,596,1
175,903,594,1
172,909,593,1
169,907,594,1
168,908,595,1
167,907,596,1
167,906,608,1
185,905,627,1
193,905,625,1
186,904,626,1
181,905,635,1
180,904,632,1
184,905,638,1
190,905,646,1
201,905,655,1
195,904,657,1
202,904,655,1
197,905,646,1
191,904,645,1
186,904,643,1
180,905,644,1
173,905,638,1
179,906,641,1
186,906,646,1
198,905,643,1
205,905,641,1
197,906,645,1
202,906,651,1
235,906,672,1
242,906,666,1
238,906,660,1
234,907,659,1
236,907,656,1
235,906,669,1
240,907,676,1
239,907,666,1
239,906,656,1
230,906,653,1
239,906,656,1
236,905,653,1
248,906,658,1
242,905,646,1
234,906,632,1
229,905,619,1
226,905,609,1
223,905,602,1
219,905,593,1
215,904,586,1
216,904,588,1
220,904,585,1
225,904,590,1
225,904,586,1
220,903,586,1
220,904,583,1
227,904,593,1
225,903,585,1
222,903,581,1
214,904,577,1
225,904,578,1
223,902,574,1
219,902,572,1
218,902,575,1
230,903,587,1
222,904,584,1
209,903,580,1
211,903,573,1
222,903,578,1
263,903,589,1
269,903,580,1
267,902,577,1
269,901,583,1
266,902,582,1
261,902,568,1
257,902,567,1
279,901,562,1
381,901,567,1
324,901,563,1
307,901,561,1
288,901,553,1
275,901,556,1
266,901,544,1
257,901,539,1
253,901,539,1
249,900,542,1
238,900,539,1
229,897,539,1
246,900,549,1
250,901,549,1
246,904,541,1
236,904,535,1
230,905,531,1
224,906,527,1
217,906,532,1
216,905,525,1
211,907,522,1
206,908,544,1
207,906,529,1
204,905,522,1
201,906,523,1
198,905,524,1
196,906,525,1
194,905,524,1
192,905,528,1
187,905,547,1
189,906,548,1
215,905,559,1
213,904,555,1
205,903,552,1
200,903,551,1
195,903,552,1
201,902,573,1
227,900,584,1
217,884,575,1
208,452,487,1
199,326,464,0
201,245,447,0
382,882,788,0
333,905,790,0
303,908,791,0
283,911,790,0
267,913,790,0
254,915,790,0
244,916,791,0
236,916,790,0
228,917,790,0
221,918,790,0
216,919,789,0
211,920,790,0
207,920,789,0
203,921,789,0
199,922,789,0
196,922,790,0
193,923,789,0
190,923,790,0
187,923,790,0
183,924,789,0
180,924,789,0
177,924,789,0
176,924,788,0
173,925,789,0
172,925,788,0
171,925,789,0
169,925,789,0
168,926,788,0
167,925,788,0
165,926,789,0
163,926,788,0
161,927,789,0
159,926,788,0
157,927,788,0
156,927,789,0
155,927,788,0
154,928,789,0
153,928,787,0
152,928,789,0
152,929,787,0
150,928,788,0
148,929,788,0
148,929,788,0
146,929,788,0
144,930,788,0
144,930,788,0
142,930,789,0
141,930,787,0
140,930,789,0
140,930,788,0
140,931,788,0
140,931,787,0
139,931,789,0
138,931,789,0
137,931,789,0
136,932,788,0
136,932,789,0
135,932,788,0
135,932,789,0
135,932,788,0
133,932,789,0
133,932,788,0
132,932,789,0
131,932,789,0
130,933,789,0
131,933,788,0
129,932,787,0
129,933,789,0
129,932,787,0
128,932,788,0
127,933,788,0
128,933,789,0
127,932,788,0
126,932,789,0
125,932,788,0
123,933,788,0
122,933,788,0
121,932,789,0
121,933,788,0
120,932,788,0
121,933,788,0
121,933,788,0
120,933,789,0
119,933,789,0
118,933,789,0
118,933,788,0
117,933,789,0
117,933,788,0
115,933,789,0
116,933,788,0
116,933,788,0
114,933,789,0
114,933,787,0
114,933,789,0
113,933,788,0
113,933,789,0
113,933,788,0
112,933,789,0
114,933,788,0
113,933,789,0
112,933,788,0
112,933,789,0
112,933,788,0
112,934,788,0
112,933,789,0
110,934,789,0
110,934,788,0
110,934,787,0
109,935,788,0
109,935,789,0
109,934,788,0
108,935,788,0
107,935,788,0
107,935,788,0
106,935,788,0
106,935,788,0
106,935,789,0
107,935,788,0
107,936,789,0
108,936,789,0
107,936,788,0
107,936,789,0
106,936,788,0
106,935,788,0
105,935,788,0
106,935,789,0
105,935,789,0
105,935,789,0
104,935,788,0
104,935,788,0
104,935,789,0
104,935,788,0
103,934,789,0
103,934,788,0
104,934,789,0
104,934,788,0
104,933,787,0
105,933,788,0
104,933,788,0
104,933,788,0
102,932,788,0
102,933,788,0
102,932,788,0
102,932,789,0
102,931,788,0
101,932,787,0
102,931,788,0
102,931,787,0
101,931,788,0
101,931,787,0
102,931,788,0
102,931,788,0
101,931,787,0
101,931,788,0
100,931,788,0
100,930,789,0
100,930,788,0
100,930,788,0
100,930,787,0
100,930,789,0
100,929,788,0
99,929,787,0
98,927,789,0
97,923,787,0
97,919,788,1
96,924,788,1
97,920,789,1
97,922,789,1
98,923,790,1
100,921,788,1
101,919,788,1
101,922,789,1
103,923,789,1
103,924,789,1
103,921,790,1
102,922,789,1
102,923,789,1
101,927,790,1
101,925,789,1
101,923,790,1
100,922,788,1
99,922,789,1
99,922,789,1
100,920,790,1
99,921,788,1
107,919,788,1
107,917,790,1
106,918,789,1
104,917,789,1
103,916,788,1
102,915,789,1
102,914,789,1
102,914,788,1
103,908,788,1
103,907,787,1
102,905,787,1
102,904,787,1
102,903,788,1
101,880,786,1
100,853,784,1
99,822,783,1
99,840,783,1
111,830,783,1
114,824,782,1
117,775,779,1
123,757,778,1
128,716,774,1
127,693,771,1
123,641,766,1
119,643,767,1
118,641,765,1
118,690,770,1
121,602,762,1
126,581,760,1
131,670,771,1
131,535,754,1
129,521,753,1
131,512,752,1
130,552,756,1
127,547,755,1
124,485,748,1
126,527,753,1
127,474,748,1
125,457,745,1
123,443,744,1
120,439,743,1
126,455,744,1
127,475,746,1
124,468,746,1
124,479,747,1
135,469,746,1
139,489,748,1
136,487,748,1
140,476,747,1
136,460,744,1
137,497,749,1
143,525,753,1
141,525,752,1
147,545,754,1
153,618,763,1
158,576,757,1
156,595,759,1
150,621,762,1
144,654,766,1
140,601,760,1
145,639,764,1
150,608,761,1
159,684,769,1
160,638,764,1
155,645,764,1
150,649,765,1
151,653,765,1
165,730,772,1
164,668,766,1
159,695,768,1
154,613,761,1
160,606,760,1
166,558,754,1
163,600,759,1
167,528,751,1
172,507,749,1
175,539,752,1
170,468,744,1
172,480,746,1
180,447,742,1
196,449,741,1
195,427,739,1
201,423,739,1
203,454,743,1
201,445,742,1
191,417,738,1
181,424,740,1
176,390,735,1
172,375,733,1
176,435,740,1
182,395,735,1
185,406,736,1
177,346,729,1
170,315,727,1
179,345,730,1
181,336,728,1
177,378,732,1
175,368,731,1
178,358,730,1
182,358,730,1
174,327,726,1
167,327,727,1
163,324,726,1
159,321,727,1
156,345,729,1
154,314,725,1
150,329,726,1
146,328,726,1
152,324,725,1
168,360,730,1
170,352,729,1
166,332,727,1
159,323,725,1
154,364,729,1
149,331,726,1
146,336,727,1
147,309,724,1
163,310,725,1
162,318,725,1
157,311,725,1
151,316,726,1
147,330,726,1
143,309,724,1
144,310,725,1
148,304,724,1
161,318,725,1
161,334,727,1
163,344,727,1
177,336,727,1
182,345,729,1
181,345,728,1
179,337,728,1
180,351,729,1
182,366,730,1
181,355,729,1
188,358,729,1
191,355,728,1
183,351,728,1
180,373,730,1
177,355,728,1
189,362,730,1
186,378,731,1
183,367,730,1
180,370,730,1
173,393,732,1
169,386,732,1
167,383,732,1
186,385,732,1
193,382,731,1
183,378,731,1
194,367,730,1
192,389,732,1
188,389,732,1
182,400,733,1
177,389,732,1
175,397,732,1
175,409,734,1
171,425,736,1
166,407,734,1
164,414,735,1
158,416,734,1
154,423,734,1
150,426,735,1
146,417,734,1
143,421,734,1
154,432,736,1
154,449,738,1
150,433,736,1
145,445,737,1
143,440,736,1
142,446,737,1
145,443,738,1
152,451,739,1
168,452,737,1
180,457,739,1
198,470,741,1
216,482,741,1
224,489,743,1
225,502,744,1
217,512,746,1
214,524,747,1
206,537,749,1
217,551,748,1
224,561,750,1
232,567,751,1
221,589,753,1
206,597,754,1
197,607,755,1
191,612,755,1
198,621,756,1
214,636,760,1
222,649,760,1
237,655,760,1
227,663,762,1
216,678,761,1
219,688,764,1
235,696,764,1
261,703,766,1
238,711,765,1
228,715,765,1
220,722,766,1
209,727,768,1
200,728,768,1
188,730,768,1
178,731,767,1
171,732,767,1
170,734,767,1
172,734,767,1
170,730,768,1
169,723,767,1
185,719,766,1
231,714,766,1
255,706,764,1
266,679,762,1
253,689,763,1
230,677,761,1
209,668,762,1
197,659,760,1
186,649,758,1
188,640,758,1
228,633,758,1
271,581,752,1
288,599,754,1
431,51,719,1
368,40,718,0
333,28,718,0
306,35,717,0
286,42,717,0
270,41,717,0
256,41,717,0
245,41,716,0
236,41,716,0
227,41,716,0
220,41,715,0
213,41,716,0
208,40,716,0
202,41,716,0
197,40,715,0
194,41,716,0
189,40,715,0
185,40,716,0
181,41,715,0
178,40,715,0
176,40,715,0
173,40,715,0
170,40,715,0
168,40,715,0
165,39,715,0
162,39,714,0
159,39,714,0
158,40,715,0
156,39,714,0
155,39,714,0
153,39,715,0
151,39,713,0
149,39,715,0
148,40,713,0
146,40,714,0
145,40,714,0
144,40,714,0
143,40,713,0
142,40,714,0
140,40,713,0
139,40,713,0
137,40,713,0
137,40,713,0
136,40,714,0
134,40,714,0
134,40,713,0
132,40,713,0
132,39,713,0
131,39,714,0
130,39,713,0
129,39,714,0
129,39,713,0
128,39,714,0
129,38,713,0
127,39,714,0
127,39,714,0
126,39,712,0
124,39,714,0
123,39,713,0
123,39,714,0
122,39,713,0
122,39,713,0
122,39,713,0
121,39,714,0
119,38,714,0
118,38,713,0
117,38,714,0
117,38,713,0
117,37,713,0
115,37,712,0
115,36,712,0
114,31,713,0
114,41,713,0
113,127,718,0
112,227,725,1
112,363,737,1
128,289,731,1
147,304,732,1
163,349,737,1
178,452,748,1
183,452,749,1
205,425,746,1
241,446,749,1
270,460,749,1
282,448,749,1
275,453,750,1
304,445,749,1
305,438,748,1
289,385,741,1
274,383,742,1
262,421,745,1
251,414,744,1
248,437,746,1
234,430,745,1
222,411,742,1
236,386,741,1
268,449,747,1
264,414,742,1
274,419,744,1
271,413,742,1
260,405,740,1
258,417,742,1
263,422,742,1
244,426,743,1
226,379,737,1
214,357,734,1
204,364,735,1
205,397,738,1
217,389,737,1
266,379,736,1
306,351,734,1
334,391,737,1
331,373,735,1
362,390,736,1
353,422,740,1
338,384,736,1
320,407,737,1
305,464,742,1
287,475,744,1
278,533,750,1
275,524,749,1
306,495,746,1
298,556,752,1
295,505,747,1
301,474,743,1
302,525,748,1
289,450,739,1
278,478,742,1
268,431,736,1
267,391,728,1
263,392,704,1
252,360,677,1
241,363,651,1
238,376,636,1
234,364,616,1
222,332,593,1
213,332,582,1
204,327,567,1
197,332,556,1
191,312,544,1
187,307,532,1
182,307,522,1
178,289,511,1
176,313,511,1
177,317,508,1
178,318,504,1
188,347,506,1
194,351,501,1
240,367,506,1
248,349,499,1
242,327,490,1
227,330,483,1
213,315,467,1
202,305,456,1
193,322,449,1
187,309,444,1
181,303,437,1
176,314,436,1
172,338,435,1
169,285,421,1
165,298,419,1
161,282,416,1
159,315,422,1
157,299,416,1
155,286,407,1
154,299,409,1
153,282,401,1
153,266,398,1
155,254,392,1
157,579,458,1
159,848,501,1
158,897,506,1
158,916,509,1
157,749,474,1
156,651,459,1
155,490,419,1
153,557,435,1
150,351,388,1
147,344,387,1
145,289,374,1
143,306,380,1
141,437,401,1
139,521,424,1
138,511,420,1
137,456,405,1
136,428,400,1
136,403,391,1
134,391,391,1
134,336,375,1
135,399,389,1
153,644,452,1
156,693,465,1
165,688,461,1
178,671,460,1
173,558,432,1
166,443,399,1
159,426,391,1
154,390,384,1
151,11,326,1
149,8,323,1
148,9,320,0
146,5,316,0
143,8,314,0
141,8,314,0
138,8,310,0
135,8,309,0
132,7,306,0
130,7,304,0
127,7,298,0
125,7,297,0
124,7,296,0
122,6,297,0
120,6,296,0
119,6,297,0
118,6,297,0
117,6,297,0
115,6,299,0
115,6,300,0
113,6,301,0
112,6,303,0
111,6,302,0
110,6,305,0
109,6,305,0
109,7,310,0
108,6,318,0
107,6,323,0
106,6,329,0
105,6,334,0
104,5,338,0
103,5,341,0
102,5,342,0
102,5,345,0
102,5,350,0
100,5,353,0
100,5,356,0
99,5,358,0
99,5,360,0
99,5,362,0
98,6,366,0
97,5,370,0
97,5,374,0
97,6,377,0
96,5,378,0
96,5,378,0
95,5,380,0
95,5,381,0
95,5,385,0
95,5,386,0
94,5,389,0
93,4,392,0
93,4,394,0
93,5,398,0
92,4,400,0
91,4,404,0
91,4,406,0
91,4,409,0
90,4,416,0
90,4,421,0
90,4,427,0
90,4,429,0
90,4,439,0
90,4,444,0
90,4,447,0
90,4,447,0
89,4,456,0
90,4,459,0
89,3,491,0
88,4,464,0
88,4,466,0
87,4,469,0
87,4,468,0
86,4,475,0
86,3,478,0
85,3,483,0
86,3,487,0
86,3,491,0
85,3,495,0
86,3,494,0
86,8,502,1
86,46,514,1
87,49,516,1
96,274,552,1
117,497,614,1
142,515,638,1
145,574,650,1
182,602,673,1
199,632,697,1
201,732,722,1
213,724,725,1
215,682,729,1
215,624,713,1
204,727,720,1
190,723,713,1
179,647,703,1
169,582,684,1
162,581,684,1
156,573,682,1
151,538,671,1
147,548,673,1
144,610,686,1
141,528,664,1
140,487,652,1
138,430,640,1
137,518,660,1
137,458,642,1
136,451,636,1
136,383,614,1
136,369,631,1
136,353,623,1
134,333,619,1
134,311,612,1
133,324,606,1
133,311,597,1
133,295,582,1
132,307,576,1
131,310,567,1
129,311,550,1
127,304,540,1
125,298,534,1
123,274,521,1
122,296,516,1
121,289,509,1
121,304,509,1
119,309,507,1
118,312,504,1
117,320,501,1
116,305,494,1
115,300,487,1
115,282,480,1
113,288,475,1
113,280,472,1
111,285,470,1
110,280,461,1
109,265,451,1
110,275,448,1
110,277,445,1
108,284,451,1
109,300,447,1
109,308,453,1
110,307,446,1
129,293,434,1
190,284,434,1
218,285,434,1
195,276,426,1
178,280,421,1
171,272,416,1
164,280,414,1
155,299,414,1
148,288,408,1
143,296,407,1
144,334,413,1
141,305,404,1
138,300,399,1
140,296,396,1
164,298,397,1
196,280,390,1
195,272,384,1
203,269,382,1
210,286,383,1
268,281,383,1
307,271,384,1
318,271,385,1
317,296,388,1
339,290,385,1
330,285,385,1
298,295,380,1
287,286,376,1
267,277,379,1
258,288,376,1
250,269,369,1
241,270,369,1
226,268,364,1
218,256,357,1
217,255,355,1
207,281,356,1
197,272,352,1
189,275,355,1
182,254,350,1
176,261,349,1
174,264,349,1
174,270,349,1
169,255,345,1
163,286,347,1
159,288,343,1
155,261,338,1
153,285,338,1
150,274,335,1
149,292,340,1
148,260,332,1
147,255,332,1
147,288,336,1
147,304,340,1
147,258,331,1
146,287,338,1
146,299,340,1
147,311,343,1
147,277,334,1
148,304,338,1
149,304,336,1
149,303,332,1
149,355,343,1
149,49,298,1
148,0,297,0
150,0,296,0
153,0,298,0
606,936,512,0
541,942,502,0
496,942,493,0
466,942,487,0
436,943,482,0
412,942,470,0
393,943,465,0
379,943,461,0
365,943,460,0
352,943,458,0
342,943,456,0
332,943,453,0
322,943,450,0
312,943,449,0
303,943,447,0
298,943,445,0
293,943,446,0
288,943,447,0
284,943,447,0
277,943,448,0
274,943,450,0
266,943,451,0
259,943,448,0
257,943,450,0
247,943,449,0
242,943,445,0
238,943,445,0
235,943,444,0
231,943,443,0
231,943,446,0
226,943,445,0
220,944,442,0
218,944,442,0
218,944,445,0
217,943,445,0
211,944,446,0
208,944,446,0
203,944,442,0
201,944,444,0
197,944,441,0
193,944,440,0
192,944,438,0
190,944,439,0
188,944,437,0
186,944,439,0
184,944,438,0
182,944,436,0
181,944,439,0
181,945,437,0
181,944,440,0
179,944,442,0
175,944,440,0
174,944,440,0
171,945,441,0
169,945,438,0
165,945,436,0
166,945,436,0
165,945,435,0
163,945,436,0
161,945,434,0
159,945,434,0
157,945,434,0
157,945,432,0
156,945,432,0
156,945,432,0
156,945,434,0
154,945,434,0
150,945,432,0
149,945,431,0
149,945,434,0
149,945,433,0
148,945,434,0
146,945,434,0
145,945,435,0
146,945,436,0
143,945,433,0
140,946,433,0
140,946,430,0
140,945,431,0
139,945,432,0
140,946,432,0
138,946,433,0
136,946,432,0
136,946,431,0
135,946,431,0
135,945,433,0
134,945,431,0
133,946,432,0
130,946,429,0
129,946,428,0
127,946,428,0
126,946,425,0
125,946,427,0
125,946,424,0
125,946,427,0
125,946,429,0
126,946,428,0
127,946,431,0
125,946,429,0
125,946,431,0
124,946,433,0
122,946,430,0
122,946,430,0
121,946,428,0
121,946,429,0
121,947,429,0
121,946,430,0
119,948,429,0
118,950,429,0
116,950,429,0
116,950,426,0
115,950,427,0
114,950,426,0
114,950,427,0
114,949,427,0
112,949,425,0
112,947,424,0
113,946,424,0
114,947,424,0
112,947,427,0
112,947,425,0
109,947,424,0
112,947,424,0
113,947,427,0
113,946,430,0
113,947,429,0
112,947,431,0
111,946,428,0
110,946,430,0
110,946,429,0
110,947,429,0
109,947,427,0
108,946,426,0
105,946,425,0
106,946,423,0
105,946,423,0
103,946,421,0
104,946,421,0
103,946,422,0
102,946,418,0
102,946,418,0
101,946,415,0
100,946,415,0
100,946,413,0
100,946,416,0
101,945,416,0
100,945,416,0
101,946,418,0
100,946,418,0
100,946,418,0
99,946,416,0
98,946,416,0
97,945,415,0
97,945,415,0
96,946,414,0
96,946,413,0
95,945,412,0
95,946,411,0
93,945,410,0
93,945,407,0
93,945,408,0
93,945,409,0
93,945,406,0
92,945,407,0
91,945,404,0
91,945,405,0
92,945,404,0
92,945,406,0
94,945,406,0
93,945,409,0
93,945,409,0
94,945,408,0
94,945,413,0
95,945,417,0
94,945,417,0
95,945,418,0
95,945,417,0
94,945,418,0
94,945,416,0
94,945,418,0
93,945,415,0
93,945,416,0
92,945,416,0
90,945,413,0
90,945,413,0
88,945,410,0
86,945,409,0
85,945,405,0
86,946,406,0
85,946,405,0
85,945,406,0
85,945,406,0
85,945,404,0
84,945,406,0
85,945,405,0
85,945,407,0
85,945,405,0
85,945,407,0
85,946,406,0
85,946,406,0
84,946,408,0
85,946,407,0
86,947,409,0
85,947,408,0
85,948,411,0
85,949,412,0
83,948,410,0
83,947,409,0
83,947,408,0
83,946,408,0
84,946,406,0
82,945,408,0
82,945,404,0
83,945,405,0
81,945,402,0
80,945,401,0
80,945,401,0
81,945,400,0
81,945,401,0
81,945,400,0
82,945,403,0
81,945,402,0
80,946,399,0
79,944,397,0
79,944,397,0
80,944,395,0
79,944,396,0
79,943,395,0
78,943,394,0
77,944,393,0
77,943,392,0
76,944,388,0
75,943,386,0
75,943,388,0
76,943,387,0
77,943,394,0
77,943,395,0
78,943,398,0
78,943,398,0
78,943,400,0
78,943,401,0
78,943,399,0
78,943,401,0
77,943,399,0
77,943,399,0
75,943,396,0
76,942,396,0
75,943,394,0
75,943,397,0
76,943,397,0
76,942,399,0
76,943,397,0
75,943,399,0
74,943,396,0
75,943,398,0
75,943,399,0
77,942,404,0
74,942,401,0
74,942,399,0
73,942,398,0
73,942,396,0
73,942,398,0
73,942,397,0
73,942,399,0
73,942,396,0
73,942,398,0
72,942,396,0
72,942,396,0
71,942,393,0
70,942,391,0
70,942,388,0
71,942,385,0
70,942,385,0
71,942,387,0
70,942,389,0
70,942,386,0
70,942,387,0
70,942,386,0
70,942,388,0
70,942,392,0
70,942,392,0
69,942,393,0
69,942,391,0
69,942,391,0
68,942,389,0
68,942,388,0
68,942,385,0
69,942,389,0
69,942,391,0
69,942,392,0
68,942,393,0
68,942,393,0
69,942,396,0
69,943,396,0
69,942,398,0
69,942,397,0
68,942,398,0
68,942,397,0
68,942,399,0
67,942,401,0
67,942,400,0
66,942,401,0
66,942,400,0
67,942,401,0
66,942,400,0
67,942,402,0
66,942,400,0
66,942,401,0
66,942,399,0
66,943,402,0
66,942,404,0
65,942,403,0
65,942,402,0
65,942,400,0
65,942,401,0
65,943,399,0
65,942,402,0
65,943,400,0
64,942,401,0
64,942,403,0
64,942,400,0
65,942,403,0
66,942,404,0
65,942,406,0
65,942,406,0
64,942,404,0
64,942,404,0
64,942,404,0
64,942,405,0
64,943,403,0
64,943,405,0
64,942,404,0
64,943,406,0
65,942,408,0
65,943,407,0
65,942,408,0
66,943,410,0
66,943,410,0
65,943,411,0
65,943,410,0
65,942,411,0
65,943,411,0
65,943,413,0
65,943,411,0
63,943,411,0
63,943,409,0
63,943,407,0
63,943,409,0
63,943,410,0
63,943,411,0
62,943,407,0
62,943,407,0
62,943,407,0
62,943,405,0
62,943,405,0
63,943,404,0
63,943,406,0
63,943,404,0
61,943,404,0
61,943,403,0
61,943,402,0
62,943,402,0
61,943,402,0
61,943,404,0
60,943,402,0
60,943,405,0
61,943,405,0
61,943,407,0
61,943,408,0
61,943,406,0
60,943,406,0
60,943,407,0
59,943,405,0
59,943,406,0
59,943,406,0
59,943,406,0
60,943,408,0
59,943,408,0
59,943,409,0
60,944,408,0
61,943,410,0
60,943,414,0
60,943,412,0
60,943,412,0
60,943,411,0
61,943,413,0
62,944,411,0
62,943,414,0
62,943,417,0
63,943,416,0
62,943,417,0
62,944,415,0
62,944,416,0
61,944,416,0
60,943,414,0
60,944,415,0
61,943,412,0
61,943,414,0
60,943,414,0
61,943,416,0
61,943,417,0
61,944,416,0
61,944,417,0
62,943,417,0
62,943,419,0
61,943,421,0
61,943,418,0
61,943,419,0
60,944,420,0
60,944,418,0
59,943,415,0
57,944,412,0
58,944,413,0
57,944,413,0
56,944,410,0
56,944,411,0
56,943,409,0
56,943,410,0
56,943,409,0
57,944,409,0
56,944,411,0
57,944,409,0
56,944,410,0
56,944,408,0
56,944,409,0
56,944,410,0
56,944,409,0
56,944,410,0
56,944,407,0
56,944,408,0
56,944,406,0
56,944,407,0
55,944,407,0
55,944,406,0
56,944,407,0
57,944,407,0
56,944,409,0
55,944,411,0
56,944,409,0
56,944,409,0
56,944,410,0
57,944,413,0
57,944,414,0
56,944,415,0
55,944,413,0
55,944,413,0
55,944,412,0
56,944,413,0
56,945,414,0
55,944,414,0
56,944,416,0
56,944,417,0
55,944,415,0
54,944,414,0
54,944,414,0
54,944,414,0
54,945,414,0
54,945,414,0
55,944,416,0
54,944,414,0
54,944,415,0
54,945,417,0
53,944,416,0
55,944,419,0
57,945,418,0
57,945,420,0
56,945,417,0
55,945,418,0
54,945,416,0
54,945,412,0
54,945,412,0
53,945,409,0
53,945,409,0
52,945,408,0
53,945,408,0
53,945,410,0
53,945,409,0
52,945,410,0
52,945,408,0
52,945,408,0
52,945,410,0
51,945,408,0
51,945,409,0
52,945,409,0
52,945,413,0
52,945,414,0
52,945,412,0
51,945,413,0
52,945,412,0
51,945,413,0
51,946,412,0
52,945,413,0
52,946,414,0
52,946,413,0
52,946,414,0
52,946,412,0
52,946,411,0
51,946,411,0
51,946,407,0
50,946,407,0
50,946,407,0
51,947,408,0
50,947,407,0
51,948,408,0
51,948,410,0
50,947,408,0
50,947,410,0
50,947,408,0
50,947,409,0
51,946,410,0
51,947,411,0
51,947,413,0
50,947,411,0
50,947,413,0
51,947,411,0
51,947,412,0
51,947,412,0
50,947,412,0
50,947,411,0
50,947,410,0
50,948,412,0
50,949,411,0
50,949,412,0
50,949,410,0
50,947,411,0
49,947,412,0
49,948,410,0
50,948,412,0
48,947,411,0
49,947,410,0
49,947,409,0
48,947,409,0
48,947,409,0
48,947,407,0
47,947,408,0
48,947,406,0
47,947,406,0
48,947,405,0
47,947,405,0
48,947,403,0
47,947,405,0
47,947,403,0
48,947,407,0
48,948,405,0
48,948,406,0
47,949,406,0
47,949,405,0
48,950,407,0
48,950,408,0
47,949,409,0
48,948,410,0
48,947,410,0
47,948,410,0
47,948,408,0
48,947,412,0
48,948,412,0
48,948,412,0
48,948,415,0
48,947,414,0
48,947,415,0
47,948,413,0
49,950,415,0
48,951,416,0
49,951,416,0
48,951,418,0
48,950,414,0
47,948,414,0
48,948,409,0
48,948,412,0
49,948,415,0
49,948,414,0
48,948,415,0
47,947,416,0
48,947,415,0
48,947,416,0
48,947,414,0
48,947,416,0
48,947,418,0
48,946,417,0
48,947,415,0
48,946,413,0
47,947,415,0
47,947,412,0
47,947,413,0
47,946,413,0
47,947,410,0
47,946,409,0
47,947,407,0
47,947,410,0
47,946,407,0
47,947,411,0
47,946,409,0
47,947,408,0
47,947,410,0
46,947,409,0
47,946,409,0
47,947,409,0
46,946,410,0
47,946,408,0
46,946,408,0
47,947,408,0
47,947,409,0
46,947,409,0
45,947,404,0
45,947,403,0
45,947,399,0
45,947,398,0
45,947,395,0
44,947,393,0
45,947,394,0
45,947,392,0
45,947,391,0
45,947,391,0
44,947,391,0
45,947,392,0
46,947,392,0
46,947,395,0
46,947,395,0
45,947,396,0
46,947,397,0
46,947,400,0
47,947,402,0
46,947,404,0
46,947,402,0
46,947,404,0
46,947,405,0
46,947,404,0
46,947,404,0
46,949,402,0
45,948,402,0
46,948,400,0
46,948,402,0
47,948,403,0
46,947,405,0
46,947,402,0
46,946,403,0
46,946,404,0
47,947,405,0
47,946,406,0
47,946,408,0
46,946,409,0
46,946,408,0
46,946,408,0
46,946,407,0
45,945,408,0
46,946,406,0
46,946,408,0
45,946,406,0
45,946,407,0
45,945,407,0
45,945,406,0
45,945,405,0
46,946,405,0
46,946,405,0
45,945,405,0
46,945,405,0
46,946,404,0
46,945,405,0
46,945,404,0
46,945,404,0
45,945,403,0
46,945,402,0
46,945,399,0
45,945,397,0
45,945,398,0
46,945,403,0
46,945,403,0
46,945,404,0
47,945,405,0
48,945,407,0
47,945,410,0
47,945,409,0
47,945,411,0
46,945,410,0
46,945,410,0
47,945,408,0
46,945,408,0
47,945,404,0
46,945,404,0
46,945,401,0
46,945,401,0
46,945,401,0
45,945,399,0
46,945,399,0
46,945,398,0
46,945,401,0
45,945,396,0
45,945,394,0
44,945,390,0
45,945,389,0
44,945,386,0
44,945,384,0
44,945,378,0
44,945,378,0
44,946,377,0
44,945,379,0
46,945,383,0
48,945,387,0
47,945,386,0
49,945,380,0
48,945,376,0
50,945,376,0
52,945,380,0
53,945,389,0
53,945,391,0
52,945,394,0
53,945,398,0
54,945,401,0
54,945,401,0
54,945,402,0
54,945,402,0
53,945,402,0
53,945,401,0
55,945,403,0
53,945,399,0
55,945,403,0
53,945,400,0
51,948,400,0
50,948,395,0
48,947,391,0
49,946,387,0
48,946,384,0
48,946,381,0
48,947,383,0
47,947,384,0
47,946,386,0
46,946,388,0
46,947,386,0
46,946,383,0
46,947,384,0
47,945,388,0
47,944,393,0
48,944,399,0
52,944,404,0
52,944,406,0
52,943,403,0
54,944,407,0
55,944,408,0
55,944,409,0
54,946,409,0
54,943,410,0
55,944,409,0
54,945,408,0
52,944,405,0
51,943,403,0
49,943,399,0
48,943,398,0
48,943,395,0
46,942,388,0
46,942,386,0
46,942,382,0
45,943,382,0
44,942,379,0
44,942,380,0
43,942,378,0
43,942,379,0
42,942,376,0
42,942,376,0
43,942,379,0
43,942,381,0
44,942,382,0
46,941,383,0
47,942,389,0
50,944,394,0
51,949,396,0
51,949,391,0
51,949,394,0
49,949,388,0
49,949,380,0
47,950,375,0
47,949,373,0
47,949,371,0
46,949,368,0
45,948,363,0
45,949,362,0
45,949,359,0
45,948,360,0
45,947,358,0
47,949,359,0
51,949,363,0
54,947,376,0
54,944,380,0
55,943,385,0
55,946,390,0
54,947,390,0
53,945,390,0
52,943,386,0
51,946,387,0
50,949,384,0
49,949,381,0
49,947,378,0
47,945,377,0
47,948,371,0
47,948,374,0
49,948,381,0
51,947,391,0
53,949,398,0
54,949,400,0
56,949,403,0
54,948,400,0
53,946,399,0
53,942,400,0
52,945,400,0
50,949,397,0
49,949,393,0
48,949,393,0
48,949,390,0
48,949,391,0
48,949,390,0
47,949,392,0
48,949,390,0
47,949,392,0
46,949,386,0
47,948,386,0
46,949,390,0
48,949,391,0
47,947,395,0
46,948,390,0
46,948,386,0
45,948,377,0
44,948,372,0
45,948,368,0
45,945,372,0
45,947,372,0
44,949,370,0
44,949,369,0
44,949,373,0
46,949,377,0
45,949,381,0
45,948,379,0
44,948,378,0
44,949,375,0
43,949,366,0
43,949,360,0
43,949,357,0
43,949,354,0
43,949,350,0
43,949,351,0
43,949,352,0
44,949,364,0
45,949,372,0
45,949,381,0
44,949,373,0
44,949,364,0
43,949,363,0
42,949,365,0
43,949,366,0
44,949,374,0
43,949,375,0
43,949,380,0
43,949,379,0
43,949,383,0
42,949,381,0
42,949,384,0
42,949,381,0
42,949,382,0
42,949,379,0
41,949,374,0
41,949,379,0
41,949,372,0
41,949,367,0
40,949,361,0
40,949,358,0
40,949,352,0
39,949,353,0
40,949,352,0
40,949,356,0
40,949,359,0
40,949,365,0
39,949,363,0
38,949,360,0
38,949,357,0
39,949,360,0
39,949,361,0
37,949,351,0
37,949,345,0
37,949,340,0
38,949,345,0
38,949,340,0
38,949,340,0
39,949,342,0
38,949,348,0
39,949,351,0
39,949,350,0
39,948,349,0
38,948,344,0
38,948,342,0
38,949,340,0
39,949,345,0
43,949,351,0
43,949,356,0
42,949,354,0
42,949,352,0
42,949,352,0
42,949,353,0
41,949,352,0
40,949,351,0
40,949,349,0
41,949,354,0
40,949,359,0
40,948,361,0
40,948,361,0
39,947,357,0
39,945,353,0
39,942,351,0
40,946,355,0
38,946,350,0
39,945,349,0
38,944,348,0
38,945,346,0
38,946,342,0
38,945,342,0
38,945,344,0
38,947,345,0
37,949,342,0
37,949,336,0
37,948,337,0
36,949,331,0
36,949,332,0
36,950,329,0
36,950,332,0
36,950,330,0
36,950,333,0
35,950,333,0
36,949,338,0
37,950,341,0
37,949,346,0
37,950,350,0
37,950,352,0
38,950,357,0
38,950,361,0
38,950,368,0
38,950,370,0
38,950,373,0
37,950,370,0
37,950,373,0
37,949,377,0
37,950,382,0
37,950,382,0
36,950,382,0
36,950,380,0
37,950,379,0
36,950,382,0
37,950,387,0
36,950,389,0
37,950,386,0
36,950,385,0
35,950,379,0
36,950,376,0
36,950,374,0
36,950,376,0
36,950,371,0
36,950,374,0
36,950,373,0
36,950,373,0
35,950,366,0
36,950,362,0
35,950,364,0
36,950,366,0
35,950,364,0
35,950,364,0
35,950,367,0
35,950,366,0
35,950,369,0
35,950,369,0
35,950,376,0
36,950,383,0
36,950,386,0
36,951,388,0
35,950,392,0
35,951,386,0
36,950,387,0
36,950,387,0
35,950,385,0
35,950,383,0
36,951,383,0
36,950,385,0
35,950,385,0
35,950,384,0
35,951,382,0
36,950,381,0
35,950,380,0
35,945,381,0
35,941,382,0
35,947,384,0
36,949,385,0
34,950,383,0
35,951,378,0
35,951,378,0
35,950,378,0
35,950,378,0
35,950,386,0
35,950,386,0
35,950,388,0
35,950,390,0
36,951,393,0
35,950,392,0
36,950,394,0
36,950,394,0
35,950,394,0
35,951,388,0
35,950,387,0
35,951,385,0
35,950,389,0
35,951,385,0
35,951,387,0
35,951,385,0
34,951,381,0
34,951,381,0
34,951,376,0
34,951,376,0
33,951,374,0
33,951,375,0
34,950,376,0
33,951,379,0
34,951,377,0
34,951,381,0
34,951,383,0
33,951,386,0
34,951,384,0
34,951,382,0
33,951,380,0
34,951,381,0
33,951,381,0
33,951,379,0
34,951,377,0
33,951,373,0
33,951,371,0
33,951,364,0
33,951,364,0
32,951,362,0
33,951,362,0
33,951,364,0
33,951,362,0
32,951,363,0
33,951,361,0
32,951,360,0
33,951,362,0
32,951,366,0
32,951,363,0
32,951,361,0
32,951,360,0
32,951,357,0
33,951,357,0
33,951,358,0
33,951,360,0
33,951,357,0
33,951,359,0
34,951,364,0
34,951,370,0
34,951,371,0
34,951,376,0
34,951,376,0
34,951,379,0
34,951,382,0
34,951,382,0
34,951,376,0
34,951,371,0
34,951,369,0
34,951,367,0
34,951,368,0
34,951,366,0
35,951,370,0
34,951,368,0
35,951,372,0
35,950,376,0
35,942,376,0
36,950,378,0
36,947,381,0
35,942,378,0
34,941,374,0
34,940,368,0
35,940,366,0
37,940,373,0
37,940,367,0
36,940,361,0
34,940,357,0
34,940,352,0
35,940,355,0
36,940,354,0
35,940,352,0
35,941,345,0
35,940,343,0
35,940,341,0
36,940,342,0
35,941,341,0
35,941,337,0
35,941,335,0
36,941,335,0
37,941,337,0
37,941,340,0
37,941,338,0
36,941,341,0
35,941,333,0
35,941,330,0
34,941,328,0
35,941,324,0
34,941,320,0
34,941,317,0
34,941,318,0
34,941,314,0
33,941,317,0
34,941,317,0
34,941,320,0
35,941,322,0
35,941,324,0
35,942,325,0
34,941,330,0
35,942,332,0
35,942,337,0
34,942,335,0
35,942,337,0
35,942,331,0
35,942,335,0
34,942,336,0
35,942,338,0
34,942,331,0
35,945,333,0
35,947,334,0
34,949,333,0
34,951,334,0
33,951,331,0
32,951,333,0
32,949,330,0
32,946,328,0
32,943,327,0
32,942,329,0
31,942,326,0
32,942,328,0
33,942,336,0
32,942,334,0
32,942,329,0
31,942,324,0
32,942,322,0
32,942,319,0
32,942,319,0
32,942,318,0
32,942,315,0
31,942,314,0
32,943,310,0
32,943,311,0
31,945,309,0
31,943,309,0
31,944,308,0
31,946,310,0
31,950,310,0
31,951,310,0
31,951,308,0
31,951,310,0
31,950,310,0
31,949,312,0
31,946,313,0
31,947,308,0
31,948,310,0
31,948,315,0
31,946,316,0
31,945,317,0
31,945,316,0
31,944,312,0
31,945,311,0
31,946,308,0
32,946,309,0
31,945,307,0
31,945,307,0
31,944,306,0
31,945,307,0
31,944,307,0
32,944,309,0
31,944,312,0
31,944,313,0
32,944,317,0
32,944,321,0
32,944,326,0
32,944,330,0
32,944,331,0
32,944,331,0
32,944,334,0
32,944,338,0
32,944,339,0
32,944,342,0
32,944,341,0
32,944,349,0
32,944,346,0
32,944,344,0
32,944,344,0
32,945,339,0
32,946,339,0
32,948,338,0
32,947,339,0
32,947,335,0
32,947,340,0
32,949,345,0
31,948,350,0
31,947,352,0
32,945,355,0
32,944,357,0
31,944,361,0
31,943,363,0
32,944,360,0
31,943,362,0
31,943,360,0
31,943,360,0
31,943,361,0
31,943,362,0
31,943,361,0
31,943,360,0
31,943,357,0
31,943,356,0
31,943,357,0
32,943,359,0
32,943,361,0
31,943,359,0
32,943,359,0
32,943,358,0
32,943,356,0
31,943,357,0
31,943,357,0
31,943,356,0
31,943,353,0
30,943,349,0
31,943,350,0
30,943,346,0
29,943,344,0
30,943,339,0
30,943,337,0
30,943,335,0
30,943,337,0
31,943,334,0
29,943,332,0
30,943,326,0
30,943,328,0
29,943,326,0
30,943,327,0
30,943,324,0
30,943,322,0
29,943,320,0
29,943,319,0
30,943,323,0
30,943,327,0
30,943,334,0
30,943,337,0
31,945,341,0
31,951,343,0
31,952,346,0
31,952,344,0
31,952,344,0
31,951,340,0
32,951,346,0
31,951,346,0
32,951,350,0
32,950,351,0
34,953,352,0
38,953,362,0
50,949,376,1
76,942,384,1
71,944,375,1
67,944,374,1
64,944,372,1
101,944,382,1
158,944,389,1
216,944,395,1
253,944,397,1
245,944,400,1
305,944,403,1
306,944,407,1
298,944,405,1
284,943,406,1
243,944,402,1
221,945,397,1
215,944,394,1
200,943,389,1
184,943,388,1
172,943,387,1
167,943,383,1
157,943,386,1
147,943,389,1
138,943,386,1
272,943,399,1
256,943,398,1
263,943,399,1
233,943,394,1
213,945,389,1
199,946,387,1
186,943,387,1
175,943,385,1
167,945,384,1
156,949,388,1
149,951,388,1
144,951,383,1
138,950,382,1
133,950,380,1
128,950,382,1
127,951,381,1
124,951,386,1
121,949,390,1
118,948,393,1
115,944,388,1
111,946,381,1
106,948,369,1
105,946,370,1
101,946,361,1
100,946,355,1
96,945,349,1
95,947,344,1
94,949,344,1
93,950,344,1
91,949,345,1
89,949,343,1
89,946,340,1
86,947,334,1
84,947,328,1
83,947,323,1
82,950,316,1
82,950,314,1
81,950,313,1
81,949,315,1
81,949,319,1
80,949,317,1
82,950,315,1
80,949,316,1
79,948,314,1
79,943,307,1
79,941,310,1
77,940,306,1
75,940,301,1
73,940,293,1
71,940,288,1
71,941,285,1
69,941,287,1
70,940,289,1
68,941,292,1
67,941,294,1
67,941,292,1
68,941,293,1
67,943,292,1
67,943,284,1
66,944,285,1
67,948,288,1
65,947,284,1
65,945,278,1
64,947,271,1
65,948,269,1
66,950,275,1
66,950,278,1
67,949,281,1
66,949,281,1
66,946,276,1
66,943,274,1
66,944,275,1
66,945,277,1
66,945,277,1
66,942,272,1
64,942,267,1
62,941,259,1
61,941,252,1
62,941,249,1
61,941,250,1
63,941,253,1
61,941,253,1
60,940,244,1
60,941,243,1
59,944,243,1
59,945,241,1
59,945,240,1
58,941,242,1
59,941,241,1
58,942,242,1
58,942,245,1
58,943,245,1
59,944,243,1
61,947,246,1
64,949,252,1
64,950,259,1
65,950,266,1
64,949,268,1
63,950,266,1
62,949,266,1
61,950,262,1
63,949,267,1
60,946,274,1
61,946,277,1
69,945,299,1
93,944,363,1
113,943,414,1
114,943,414,1
108,939,384,1
104,938,352,1
102,938,333,1
98,939,338,1
94,938,328,1
90,938,307,1
87,938,290,1
88,938,284,1
85,937,284,1
85,937,288,1
82,937,283,1
80,937,272,1
87,938,276,1
90,937,278,1
96,936,289,1
102,936,336,1
108,937,327,1
102,937,310,1
97,936,294,1
92,936,277,1
90,938,273,1
88,937,271,1
87,936,273,1
83,936,265,1
80,936,259,1
78,936,257,1
75,936,250,1
75,936,249,1
73,936,247,1
72,936,245,1
71,936,244,1
70,936,238,1
71,936,239,1
70,936,237,1
68,935,237,1
69,937,235,1
67,937,237,1
65,937,229,1
64,937,225,1
64,937,226,1
63,935,226,1
63,936,225,1
62,937,226,1
62,936,223,1
62,936,227,1
60,936,223,1
60,937,219,1
59,937,218,1
59,937,217,1
59,937,215,1
57,937,211,1
58,937,210,1
58,937,209,1
58,937,212,1
57,937,211,1
56,936,211,1
56,937,207,1
55,937,204,1
54,937,203,1
55,940,204,1
55,946,206,1
54,945,203,1
54,941,203,1
54,937,203,1
55,937,202,1
54,937,203,1
54,938,204,1
53,939,204,1
54,939,203,1
54,939,203,1
54,940,204,1
54,938,207,1
54,937,207,1
54,936,209,1
59,936,213,1
64,937,217,1
97,937,218,1
125,937,227,1
132,939,231,1
142,944,232,1
170,947,241,1
185,945,250,1
174,942,246,1
171,939,256,1
182,938,281,1
165,938,262,1
151,938,248,1
141,936,234,1
138,936,232,1
132,936,229,1
127,936,226,1
124,935,225,1
116,936,223,1
112,936,219,1
137,935,226,1
140,935,224,1
127,935,219,1
116,935,213,1
111,934,214,1
125,934,217,1
172,934,223,1
155,935,216,1
142,935,211,1
135,934,210,1
194,934,228,1
291,934,263,1
317,933,291,1
312,934,295,1
300,934,296,1
276,939,283,1
279,940,277,1
276,941,274,1
246,941,262,1
223,940,250,1
218,942,250,1
227,940,251,1
212,939,240,1
272,938,265,1
310,936,285,1
293,935,277,1
263,936,262,1
299,936,281,1
335,935,312,1
353,934,330,1
324,935,309,1
292,938,285,1
285,938,280,1
259,936,263,1
250,935,255,1
247,936,252,1
229,934,245,1
214,934,237,1
202,934,229,1
192,934,223,1
193,934,221,1
246,934,235,1
232,934,234,1
211,934,230,1
195,933,222,1
186,934,216,1
176,933,214,1
170,932,213,1
161,917,215,0
171,920,220,0
161,920,215,0
154,921,213,0
144,921,211,0
141,921,211,0
136,923,211,0
133,927,213,0
127,930,212,0
124,929,211,0
122,926,214,0
119,929,212,0
118,930,213,0
116,927,215,0
113,924,215,0
109,924,216,0
108,924,213,0
107,924,213,0
107,924,214,0
104,924,218,0
105,923,222,0
104,924,225,0
102,926,232,0
100,929,230,0
98,929,233,0
96,928,233,0
94,927,236,0
93,926,239,0
92,930,238,0
92,934,239,0
91,934,239,0
91,935,247,0
88,935,248,0
86,935,247,0
83,935,240,0
83,935,237,0
83,935,236,0
82,935,236,0
80,936,236,0
80,936,234,0
81,936,234,0
80,935,232,0
78,935,228,0
78,935,227,0
79,935,233,0
78,935,233,0
75,935,225,0
79,935,227,0
78,935,231,0
77,935,225,0
76,935,221,0
76,935,215,0
75,935,212,0
75,935,211,0
76,935,211,0
76,935,210,0
75,935,207,0
74,935,204,0
74,935,203,0
73,935,201,0
72,935,198,0
72,936,197,0
72,936,197,0
71,936,195,0
71,936,195,0
70,935,195,0
70,935,196,0
71,936,197,0
71,936,197,0
72,936,198,0
72,935,203,0
73,935,206,0
71,936,205,0
69,936,200,0
69,936,198,0
69,936,201,0
70,936,201,0
70,936,203,0
69,936,202,0
68,936,201,0
67,936,198,0
67,936,200,0
67,936,198,0
66,936,197,0
66,936,197,0
64,936,195,0
63,935,196,0
62,936,196,0
62,936,196,0
63,936,197,0
63,936,198,0
63,936,200,0
64,936,202,0
64,935,203,0
65,935,203,0
65,935,203,0
65,935,203,0
66,935,208,0
65,935,208,0
65,935,208,0
64,935,207,0
63,935,203,0
63,935,202,0
64,936,202,0
65,935,204,0
66,935,206,0
67,935,210,0
68,935,213,0
66,935,214,0
67,935,214,0
68,933,223,0
67,934,229,0
69,935,228,0
68,936,235,0
67,936,240,0
67,935,241,0
63,936,236,0
63,936,234,0
62,936,235,0
63,936,232,0
61,936,234,0
61,935,231,0
61,935,230,0
61,934,230,0
61,935,227,0
61,935,224,0
62,934,219,0
62,935,216,0
61,935,215,0
60,935,210,0
58,935,207,0
57,934,203,0
57,934,200,0
57,935,198,0
56,934,199,0
56,933,197,0
56,933,198,0
57,932,198,0
56,933,200,0
55,933,201,0
56,933,203,0
55,933,203,0
57,934,207,0
56,934,208,0
56,934,206,0
55,934,205,0
55,934,204,0
53,934,202,0
53,934,200,0
52,933,203,0
51,933,199,0
52,933,197,0
51,931,196,0
50,928,193,0
50,926,194,0
51,927,196,0
51,925,196,0
51,926,195,0
50,927,193,0
50,930,192,0
50,931,191,0
49,931,189,0
49,932,188,0
50,931,190,0
50,930,191,0
50,931,190,0
50,931,192,0
50,930,192,0
50,930,192,0
50,931,195,0
49,932,193,0
50,934,195,0
50,934,195,0
50,934,195,0
51,934,194,0
50,934,194,0
50,933,195,0
50,932,195,0
50,931,194,0
50,931,194,0
50,933,194,0
50,933,195,0
51,933,198,0
51,932,199,0
50,933,202,0
52,933,203,0
52,933,206,0
51,933,204,0
50,932,201,0
50,931,198,0
51,931,197,0
50,931,194,0
51,931,193,0
51,933,195,0
51,934,194,0
50,933,192,0
50,930,190,0
49,931,188,0
47,933,188,0
47,931,186,0
47,932,185,0
45,933,186,0
44,934,185,0
44,934,185,0
46,934,185,0
46,934,186,0
45,934,188,0
46,934,188,0
48,934,189,0
48,934,190,0
48,934,188,0
49,934,190,0
50,934,191,0
49,934,192,0
48,934,189,0
48,934,189,0
48,934,187,0
48,934,187,0
49,934,186,0
49,934,186,0
52,932,186,0
53,934,189,0
53,934,193,0
54,934,196,0
51,934,199,0
51,934,194,0
52,934,193,0
51,934,194,0
51,934,195,0
50,934,195,0
51,934,195,0
51,934,194,0
51,933,192,0
54,934,194,0
56,934,196,0
57,934,196,0
57,934,194,0
58,933,192,0
59,934,193,0
59,934,192,0
58,934,190,0
57,934,188,0
58,933,188,0
58,930,189,0
57,930,190,0
56,931,189,0
55,933,187,0
56,933,189,0
58,934,192,0
59,934,192,0
58,934,191,0
57,934,191,0
56,933,191,0
56,934,190,0
56,933,188,0
56,934,190,0
57,934,189,0
56,934,186,0
56,933,186,0
55,934,184,0
56,934,184,0
56,934,187,0
56,934,187,0
55,933,187,0
55,934,185,0
54,934,185,0
54,934,186,0
53,934,187,0
53,934,185,0
54,934,186,0
54,934,186,0
55,933,189,0
54,934,190,0
54,934,190,0
53,934,190,0
52,934,187,0
51,934,186,0
50,934,186,0
50,934,186,0
50,934,185,0
50,934,185,0
51,934,187,0
51,934,187,0
51,934,187,0
50,934,185,0
51,934,185,0
51,934,186,0
51,934,187,0
52,934,188,0
52,934,190,0
52,934,191,0
52,934,193,0
56,934,192,0
59,934,190,0
61,934,190,0
64,934,192,0
63,934,192,0
63,934,191,0
65,934,193,0
66,934,196,0
64,934,197,0
61,934,195,0
63,934,192,0
61,934,192,0
61,934,193,0
59,934,192,0
63,934,190,0
66,934,190,0
63,934,188,0
62,933,190,0
62,929,189,0
63,931,190,0
62,933,190,0
60,933,191,0
60,933,188,0
59,933,187,0
59,933,189,0
59,933,188,0
58,933,189,0
58,933,189,0
60,933,189,0
60,933,188,0
61,934,190,0
61,933,190,0
60,933,192,0
59,933,191,0
58,933,191,0
58,934,194,0
58,934,194,0
57,933,194,0
56,933,194,0
54,934,191,0
52,934,189,0
53,934,190,0
51,934,191,0
51,933,191,0
50,934,190,0
51,934,191,0
52,934,191,0
53,933,191,0
52,933,190,0
51,934,192,0
52,934,193,0
52,934,193,0
52,933,193,0
53,934,194,0
53,934,194,0
53,933,196,0
53,933,197,0
54,933,197,0
54,934,197,0
55,933,197,0
55,933,197,0
55,933,200,0
56,933,199,0
56,934,200,0
56,934,199,0
56,933,202,0
56,934,201,0
55,933,200,0
55,933,202,0
53,934,202,0
52,933,199,0
51,934,201,0
50,933,202,0
48,933,200,0
47,933,201,0
47,933,200,0
47,933,199,0
48,934,202,0
47,933,203,0
47,933,202,0
48,934,203,0
50,933,204,0
49,933,205,0
51,933,205,0
50,933,204,0
50,934,204,0
49,933,203,0
49,933,204,0
48,933,205,0
47,933,205,0
47,933,206,0
48,933,208,0
48,933,209,0
48,933,208,0
47,933,210,0
46,933,208,0
45,933,209,0
45,933,210,0
45,933,211,0
44,933,213,0
44,933,210,0
44,933,209,0
43,933,210,0
43,933,212,0
43,933,212,0
43,933,213,0
42,933,210,0
43,933,212,0
42,933,212,0
42,933,212,0
42,933,212,0
41,933,212,0
42,933,215,0
42,933,215,0
42,933,211,0
42,933,212,0
43,933,214,0
46,933,212,0
48,933,215,0
48,933,216,0
50,933,220,0
50,933,220,0
49,933,213,0
49,933,211,0
49,933,211,0
49,933,215,0
48,933,215,0
48,933,212,0
46,933,213,0
45,933,212,0
44,933,215,0
44,933,215,0
43,933,215,0
42,933,215,0
42,932,216,0
42,933,215,0
41,933,217,0
40,933,216,0
40,932,217,0
41,932,222,0
42,931,225,0
41,929,228,0
40,927,226,0
39,925,224,0
39,924,223,0
39,925,221,0
38,926,219,0
39,929,217,0
38,929,215,0
38,928,215,0
36,926,215,0
36,923,212,0
36,922,212,0
35,923,210,0
35,923,210,0
35,923,209,0
34,923,207,0
34,923,207,0
35,923,206,0
34,925,208,0
33,927,207,0
34,930,203,0
33,931,204,0
34,931,203,0
35,928,207,0
35,930,210,0
34,932,213,0
35,933,216,0
35,933,217,0
34,933,219,0
33,933,217,0
33,933,212,0
33,933,214,0
33,933,213,0
33,932,215,0
33,933,215,0
32,933,214,0
32,933,214,0
32,933,211,0
33,932,213,0
32,930,213,0
33,926,214,0
34,924,219,0
33,925,221,0
33,929,222,0
33,931,223,0
33,932,222,0
33,932,225,0
33,933,219,0
32,934,221,0
32,934,221,0
31,934,221,0
31,934,221,0
31,934,219,0
31,935,219,0
30,935,216,0
30,935,215,0
29,934,213,0
29,935,214,0
29,935,212,0
29,935,210,0
29,935,209,0
29,934,212,0
30,934,212,0
31,934,213,0
30,935,216,0
30,935,216,0
30,935,220,0
30,934,218,0
29,934,217,0
29,934,216,0
29,934,217,0
29,934,218,0
30,934,217,0
29,933,219,0
29,932,219,0
29,932,218,0
29,931,221,0
29,931,222,0
29,931,221,0
28,932,221,0
29,931,219,0
28,933,218,0
28,935,222,0
28,935,222,0
28,935,219,0
29,934,222,0
28,935,219,0
29,935,219,0
28,935,214,0
28,936,215,0
28,936,214,0
29,936,218,0
30,936,221,0
29,936,223,0
29,936,221,0
28,936,221,0
28,936,217,0
28,936,220,0
29,936,224,0
28,936,226,0
28,936,226,0
28,936,224,0
28,936,223,0
28,936,224,0
29,936,228,0
28,936,225,0
27,936,225,0
28,936,219,0
28,936,222,0
29,936,223,0
28,936,221,0
29,936,222,0
28,936,223,0
29,936,221,0
29,936,223,0
29,936,225,0
30,935,229,0
30,929,230,0
29,931,233,0
29,931,235,0
29,931,234,0
29,929,233,0
28,915,235,0
29,928,228,0
28,911,232,0
28,922,234,0
28,923,229,0
28,923,229,0
29,922,230,1
30,916,241,1
32,922,229,1
45,923,239,1
47,916,247,1
47,919,244,1
47,924,242,1
47,926,242,1
47,926,244,1
46,926,245,1
45,926,244,1
45,926,243,1
44,926,238,1
43,926,238,1
45,926,239,1
44,926,245,1
43,926,235,1
44,926,233,1
43,926,228,1
50,926,227,1
58,926,227,1
57,926,226,1
55,926,229,1
53,926,229,1
52,926,230,1
51,926,228,1
50,926,227,1
49,926,230,1
49,926,232,1
48,926,232,1
47,926,234,1
48,926,231,1
48,926,232,1
47,925,235,1
47,925,236,1
46,925,241,1
46,924,240,1
45,925,241,1
46,925,237,1
45,925,236,1
46,925,234,1
44,925,234,1
44,925,234,1
43,925,233,1
43,925,231,1
43,926,227,1
43,925,227,1
44,923,226,1
46,921,230,1
45,922,227,1
47,922,224,1
48,923,224,1
47,923,224,1
47,923,225,1
46,923,227,1
45,923,225,1
45,923,224,1
43,923,221,1
43,923,219,1
43,923,216,1
41,923,212,1
42,923,209,1
41,923,208,1
41,923,207,1
40,923,207,1
41,923,210,1
41,923,210,1
41,923,212,1
41,923,211,1
41,923,209,1
40,923,209,1
40,923,209,1
39,923,208,1
40,923,205,1
40,923,203,1
39,923,204,1
39,923,202,1
39,923,202,1
39,923,201,1
39,923,201,1
39,923,202,1
38,923,202,1
38,923,201,1
38,923,200,1
37,923,202,1
38,923,200,1
38,923,202,1
37,923,201,1
37,923,200,1
36,923,200,1
37,923,200,1
37,923,203,1
37,923,203,1
36,923,201,1
36,923,201,1
35,923,199,1
35,923,201,1
34,923,201,1
35,922,200,1
35,923,202,1
34,923,202,1
35,923,203,1
35,923,203,1
34,923,202,1
35,923,204,1
35,923,202,1
34,922,200,1
35,922,200,1
35,922,200,1
36,923,201,1
36,922,201,1
35,923,201,1
35,922,202,1
35,923,200,1
35,922,202,1
35,923,201,1
35,923,201,1
35,923,202,1
34,918,201,1
34,910,200,1
34,909,200,1
35,908,199,1
34,908,200,1
34,907,199,1
35,908,199,1
35,908,202,1
36,907,202,1
35,907,201,1
35,907,203,1
35,907,202,1
36,907,205,1
37,907,203,1
38,907,207,1
37,907,209,1
37,907,206,1
36,907,204,1
36,906,203,1
36,906,201,1
37,906,200,1
47,906,201,1
54,906,199,1
54,905,198,1
52,905,199,1
52,905,197,1
90,905,199,1
97,905,198,1
93,905,196,1
88,905,196,1
81,905,194,1
76,905,194,1
72,904,193,1
69,905,194,1
65,904,195,1
63,904,194,1
61,904,193,1
59,903,194,1
58,904,194,1
57,904,192,1
55,904,194,1
54,904,193,1
52,903,193,1
51,903,193,1
49,903,190,1
48,904,191,1
47,903,190,1
46,903,190,1
45,903,191,1
44,904,189,1
43,904,190,1
42,905,190,1
41,904,191,1
41,904,190,1
40,904,190,1
40,903,191,1
39,903,190,1
38,903,191,1
39,903,191,1
38,903,192,1
38,902,193,1
39,903,193,1
38,902,193,1
37,902,193,1
38,902,195,1
38,902,197,1
38,901,198,1
37,902,200,1
39,901,200,1
38,901,200,1
38,901,199,1
37,901,201,1
37,901,204,1
36,901,203,1
36,901,202,1
35,901,202,1
35,901,201,1
35,901,202,1
34,901,202,1
35,901,204,1
34,900,204,1
34,901,206,1
35,898,207,1
40,901,207,1
42,901,209,1
46,900,209,1
46,900,214,1
44,900,210,1
43,900,210,1
42,900,209,1
41,900,210,1
40,900,209,1
40,900,210,1
39,900,211,1
39,900,214,1
39,900,215,1
38,900,218,1
37,900,220,1
37,900,220,1
37,901,220,1
36,900,222,1
40,901,223,1
42,901,229,1
44,900,228,1
45,901,232,1
44,901,234,1
42,901,237,1
42,903,238,1
42,905,238,1
42,908,240,1
43,906,244,1
43,901,244,1
42,903,248,1
43,901,249,1
41,901,249,1
41,901,248,1
39,901,248,1
39,901,250,1
38,901,247,1
38,901,249,1
38,901,247,1
37,901,250,1
37,901,248,1
36,901,247,1
37,900,246,1
40,900,249,1
40,900,250,1
40,900,251,1
40,900,250,1
39,900,250,1
38,900,251,1
38,900,251,1
37,900,251,1
38,900,254,1
38,900,256,1
37,900,261,1
37,900,260,1
36,900,260,1
35,900,258,1
36,900,262,1
35,900,262,1
34,900,263,1
34,900,266,1
34,900,266,1
34,900,268,1
33,900,268,1
33,900,270,1
33,900,269,1
33,901,271,1
33,901,271,1
32,900,272,1
33,901,269,1
33,900,269,1
33,900,271,1
33,901,273,1
33,900,273,1
32,901,272,1
32,900,269,1
32,900,271,1
32,900,273,1
32,901,272,1
32,900,276,1
31,901,275,1
30,900,275,1
31,900,275,1
30,900,274,1
30,900,277,1
30,900,276,1
29,900,277,1
30,900,276,1
30,900,276,1
30,900,279,1
29,900,277,1
29,900,276,1
29,900,277,1
29,900,276,1
29,900,279,1
29,900,279,1
30,900,281,1
29,900,282,1
29,900,281,1
29,900,282,1
29,900,282,1
29,900,283,1
28,900,284,1
28,900,283,1
28,900,285,1
28,900,285,1
28,900,285,1
27,901,285,1
27,900,285,1
27,900,284,1
27,900,285,1
27,900,284,1
27,900,285,1
26,900,281,1
27,899,283,1
27,899,282,1
27,899,278,1
27,899,278,1
26,899,278,1
26,898,277,1
27,898,280,1
27,898,279,1
26,898,279,1
26,898,278,1
27,897,277,1
26,897,278,1
25,897,277,1
26,897,278,1
26,897,280,1
26,897,280,1
26,897,281,1
26,897,282,1
26,895,283,1
41,890,293,1
42,892,298,1
42,893,298,1
43,892,297,1
42,893,298,1
42,893,297,1
42,894,297,1
42,895,300,1
42,896,296,1
41,898,299,1
41,899,299,1
41,899,296,1
41,892,298,1
42,906,300,1
44,907,301,1
43,910,306,1
43,909,301,1
42,909,303,1
41,910,303,1
40,913,305,1
41,915,306,1
40,917,309,1
40,918,311,1
39,916,310,1
39,912,311,1
38,908,312,1
37,909,315,1
37,911,316,1
37,914,315,1
37,916,318,1
37,918,321,1
37,919,321,1
37,920,324,1
36,921,325,1
37,921,327,1
36,922,329,1
36,922,330,1
36,922,328,1
36,921,329,1
35,921,328,1
36,921,330,1
35,921,331,1
34,921,330,1
35,922,330,1
35,922,333,1
34,922,333,1
34,922,327,1
34,922,324,1
32,922,318,1
33,922,316,1
32,922,316,1
32,922,314,1
32,922,315,1
32,922,314,1
32,922,311,1
32,922,310,1
32,922,312,1
32,922,312,1
32,922,311,1
33,922,310,1
33,921,311,1
33,921,311,1
33,921,309,1
33,919,313,1
33,917,311,1
33,918,315,1
33,919,314,1
33,920,311,1
33,918,309,1
33,916,309,1
33,912,308,1
32,909,306,1
32,910,303,1
32,908,302,1
32,904,296,1
32,902,292,1
31,908,287,1
30,911,280,1
31,913,276,1
30,915,273,1
30,917,269,1
31,918,272,1
31,915,266,1
31,912,267,1
31,912,264,1
31,913,256,1
31,909,248,1
31,904,243,1
32,903,239,1
31,903,234,1
31,903,233,1
31,901,236,1
31,899,228,1
31,904,229,1
31,908,229,1
30,908,228,1
31,903,225,1
31,897,224,1
31,893,225,1
31,892,223,1
32,893,224,1
32,895,225,1
31,908,223,1
31,914,225,1
31,917,221,1
31,918,219,1
31,919,217,1
32,919,218,1
32,919,218,1
32,919,217,1
32,919,218,1
32,919,216,1
31,919,217,1
32,919,217,1
31,919,216,1
30,918,217,1
30,905,212,1
